{"cameraMode":{"drawMode":0,"name":"Shaded","section":"Shading Mode"},"sceneLighting":false,"audioPlay":false,"sceneViewState":{"showFog":true,"showMaterialUpdate":false,"showSkybox":false,"showFlares":true,"showImageEffects":true,"showParticleSystems":true},"in2DMode":false,"pivot":{"x":1.199554443359375,"y":0.11161868274211884,"z":0.05753844976425171},"rotation":{"x":-0.11821892112493515,"y":0.8580293655395508,"z":-0.22807933390140534,"w":-0.4447367191314697},"size":8.958974838256836,"orthographic":false}