{"cameraMode":{"drawMode":0,"name":"Shaded","section":"Shading Mode"},"sceneLighting":false,"audioPlay":false,"sceneViewState":{"showFog":true,"showMaterialUpdate":false,"showSkybox":false,"showFlares":true,"showImageEffects":true,"showParticleSystems":true},"in2DMode":false,"pivot":{"x":0.024743113666772844,"y":0.014907333068549633,"z":-0.017064766958355905},"rotation":{"x":0.12591050565242768,"y":-0.5193762183189392,"z":0.07769942283630371,"w":0.841640293598175},"size":0.01465810276567936,"orthographic":false}